"Microrregião IBGE";"2000";"2001";"2002";"2003";"2004";"2005";"2006";"2007";"2008";"2009";"2010";"2011";"2012";"2013";"2014";"2015";"2016";"2017";"2018";"2019";"2020";"2021";"2022";"Total"
"12002 TARAUACA";-;1;-;-;-;-;-;-;-;-;-;-;-;-;-;1;-;-;-;-;-;-;-;2
"12004 RIO BRANCO";-;-;1;-;-;1;-;-;-;-;-;-;-;-;1;-;1;-;-;1;-;1;-;6
"12005 BRASILEIA";-;-;-;-;-;-;-;1;1;-;-;-;1;-;-;-;-;-;-;-;-;-;-;3
"27001 SERRANA DO SERTAO ALAGOANO";-;-;-;-;-;-;-;-;-;-;-;-;-;1;-;-;-;-;-;-;-;-;-;1
"27002 ALAGOANA DO SERTAO DO SAO FRANCISCO";-;-;-;-;-;-;-;-;-;-;-;-;-;-;1;-;-;-;-;-;1;-;-;2
"27003 SANTANA DO IPANEMA";-;-;-;-;-;-;-;-;-;-;-;1;4;-;-;-;-;-;-;-;1;2;-;8
"27004 BATALHA";1;-;-;-;-;-;-;-;-;1;-;-;-;-;-;-;-;1;-;-;-;-;1;4
"27005 PALMEIRA DOS INDIOS";-;-;-;-;-;-;-;-;-;-;1;-;1;-;-;-;-;-;-;-;1;1;-;4
"27006 ARAPIRACA";-;-;-;-;6;-;-;-;2;-;1;1;-;-;-;-;-;-;1;1;1;-;2;15
"27008 SERRANA DOS QUILOMBOS";-;-;-;-;-;-;-;-;-;-;-;-;-;-;-;-;-;-;1;-;-;-;-;1
"27009 MATA ALAGOANA";-;-;-;-;-;-;1;-;-;-;1;-;-;-;-;-;-;-;1;-;-;1;-;4
"27011 MACEIO";1;-;1;1;1;-;-;1;-;1;-;-;-;-;-;2;1;-;-;-;-;2;1;12
"27012 SAO MIGUEL DOS CAMPOS";-;-;-;-;-;-;-;-;-;-;-;-;-;-;2;-;-;-;2;-;-;-;1;5
"13001 RIO NEGRO";-;-;1;-;-;-;-;1;-;-;-;-;-;-;-;-;-;-;-;-;-;-;-;2
"13004 JURUA";-;-;-;1;-;-;-;-;-;-;-;-;1;-;-;-;-;-;-;-;-;-;-;2
"13005 TEFE";-;-;-;-;-;-;-;-;-;-;-;-;-;1;-;-;-;-;-;-;-;-;-;1
"13007 MANAUS";-;-;-;2;-;2;-;-;-;-;-;-;-;-;3;5;2;-;-;3;1;-;1;19
"13008 RIO PRETO DA EVA";-;-;-;-;-;-;-;-;-;-;-;-;-;-;-;2;-;-;-;-;-;-;-;2
"13009 ITACOATIARA";-;-;-;-;-;-;-;-;-;-;-;-;-;-;-;-;-;-;-;-;-;-;1;1
"13010 PARINTINS";-;-;-;-;-;-;-;-;-;1;-;-;-;-;-;-;-;-;-;-;-;-;-;1
"13012 PURUS";-;-;-;-;-;-;-;-;-;-;-;-;1;-;-;-;-;-;-;-;-;-;-;1
"13013 MADEIRA";-;-;-;-;-;-;-;-;1;-;-;-;1;1;-;-;-;-;-;-;-;-;2;5
"16001 OIAPOQUE";-;-;-;-;-;-;-;-;-;-;-;-;-;-;-;-;-;-;-;1;-;-;-;1
"16003 MACAPA";2;1;-;-;-;2;-;-;-;-;-;-;-;1;-;-;2;-;-;2;-;-;-;10
"29001 BARREIRAS";-;-;-;-;-;1;-;-;-;-;-;-;-;-;1;-;-;-;3;-;1;-;1;7
"29002 COTEGIPE";-;-;-;-;-;-;-;-;-;-;-;-;-;-;-;-;-;-;-;1;-;-;-;1
"29003 SANTA MARIA DA VITORIA";-;-;-;-;-;-;-;-;-;2;-;-;-;-;-;-;-;-;-;-;-;1;-;3
"29004 JUAZEIRO";-;-;-;-;2;4;-;-;-;-;-;3;-;-;-;1;-;-;1;1;-;-;-;12
"29005 PAULO AFONSO";-;-;-;-;-;-;-;-;-;-;-;-;-;-;-;-;1;-;-;-;-;-;-;1
"29006 BARRA";-;-;-;-;-;-;-;-;-;1;-;-;-;-;-;-;-;-;-;-;-;-;-;1
"29007 BOM JESUS DA LAPA";-;-;-;-;-;-;-;-;-;-;-;-;-;-;-;-;1;-;-;-;-;-;-;1
"29008 SENHOR DO BONFIM";-;-;-;-;-;-;-;-;-;-;-;2;-;-;-;2;-;-;-;2;-;-;-;6
"29009 IRECE";-;-;-;-;-;-;-;-;-;-;-;-;-;-;-;1;-;-;1;3;-;-;-;5
"29010 JACOBINA";2;-;-;-;-;-;-;-;2;1;1;-;-;-;-;-;1;1;2;1;-;-;-;11
"29011 ITABERABA";-;-;-;-;-;-;-;-;-;-;-;-;-;-;-;-;-;1;-;-;-;-;-;1
"29012 FEIRA DE SANTANA";-;-;-;-;-;-;-;-;-;1;-;-;1;-;1;-;-;-;-;-;1;-;-;4
"29014 EUCLIDES DA CUNHA";-;-;-;-;-;-;-;-;-;-;-;-;-;3;-;-;-;-;-;-;-;-;-;3
"29015 RIBEIRA DO POMBAL";-;-;-;-;-;-;-;-;-;-;3;-;-;-;-;-;-;-;-;-;-;-;-;3
"29016 SERRINHA";-;-;-;-;-;-;-;-;-;-;-;-;-;1;-;1;-;-;-;-;-;-;-;2
"29018 ENTRE RIOS";-;-;-;-;-;1;-;-;-;-;-;-;-;-;-;-;-;-;-;-;-;-;-;1
"29020 SANTO ANTONIO DE JESUS";1;-;-;-;-;-;2;-;-;-;-;-;9;-;-;-;-;-;-;-;-;-;-;12
"29021 SALVADOR";2;1;1;-;2;6;3;4;-;1;1;-;3;1;-;1;-;-;-;-;1;-;1;28
"29022 BOQUIRA";-;-;-;-;-;-;-;-;-;1;1;-;-;-;2;-;-;-;-;-;-;-;-;4
"29023 SEABRA";-;-;-;-;-;-;-;-;-;1;-;-;-;-;-;-;-;-;-;2;-;-;-;3
"29024 JEQUIE";-;-;-;-;-;-;-;-;-;-;1;1;5;1;1;-;1;-;1;-;-;2;1;14
"29025 LIVRAMENTO DO BRUMADO";-;-;-;-;-;-;-;-;-;-;-;-;-;-;-;-;-;-;-;1;-;-;-;1
"29026 GUANAMBI";-;-;1;-;-;-;-;-;1;-;1;6;-;-;-;1;-;-;1;-;-;-;1;12
"29027 BRUMADO";-;-;-;-;-;-;-;-;-;-;1;-;-;-;-;-;-;-;-;-;-;-;-;1
"29028 VITORIA DA CONQUISTA";-;-;-;-;1;-;-;-;-;1;3;-;-;2;2;-;-;1;-;3;-;-;-;13
"29029 ITAPETINGA";-;-;-;-;-;-;-;-;-;-;1;-;-;-;1;-;-;1;-;-;-;-;-;3
"29030 VALENCA";-;-;-;-;-;-;-;-;-;-;-;-;-;-;-;-;-;-;-;-;-;-;1;1
"29031 ILHEUS-ITABUNA";-;-;-;-;-;1;-;1;1;-;-;1;-;-;2;1;-;1;-;4;1;1;-;14
"29032 PORTO SEGURO";-;-;-;-;-;4;-;-;-;-;-;1;2;-;-;1;1;1;2;1;-;-;-;13
"Ignorado - BA";-;-;-;-;-;-;-;-;-;-;-;-;-;-;-;-;-;-;-;1;-;1;-;2
"23001 LITORAL DE CAMOCIM E ACARAU";-;1;5;-;1;7;1;1;3;1;4;1;1;-;-;-;-;-;1;1;-;-;1;29
"23002 IBIAPABA";3;1;4;6;3;2;2;-;-;1;1;1;-;-;1;-;-;2;1;2;-;-;1;31
"23003 COREAU";1;1;2;-;-;-;-;-;-;-;-;-;-;-;-;-;-;-;-;-;-;-;-;4
"23005 SOBRAL";1;1;-;2;1;-;-;1;1;-;-;-;-;-;-;2;-;1;-;2;-;-;-;12
"23006 IPU";3;1;2;-;2;-;4;1;2;-;-;1;-;-;-;-;-;-;-;-;-;-;-;16
"23007 SANTA QUITERIA";-;-;-;1;-;-;-;-;-;-;-;-;-;-;-;-;-;-;-;-;-;-;-;1
"23008 ITAPIPOCA";1;-;-;-;-;8;1;-;-;-;3;2;1;-;-;-;-;-;-;-;-;-;-;16
"23010 URUBURETAMA";-;-;-;-;-;1;1;-;-;-;1;-;-;-;-;-;-;1;-;-;-;-;-;4
"23011 MEDIO CURU";-;-;-;-;-;1;-;-;-;-;-;-;-;-;-;-;-;-;-;-;-;-;-;1
"23013 BATURITE";-;-;-;-;-;1;-;-;-;-;-;-;-;-;-;-;-;-;-;-;-;-;-;1
"23014 CHOROZINHO";-;-;-;-;-;-;1;-;-;-;-;-;-;-;-;1;-;-;-;-;-;-;-;2
"23015 CASCAVEL";-;-;-;-;-;-;1;-;-;-;-;-;-;-;-;-;-;-;-;-;-;-;-;1
"23016 FORTALEZA";-;3;1;2;-;4;1;1;2;-;-;-;1;2;-;-;-;2;2;1;-;-;-;22
"23017 PACAJUS";-;-;-;-;-;-;-;1;-;-;-;-;-;-;-;-;1;-;-;-;-;-;-;2
"23018 SERTAO DE CRATEUS";-;1;2;-;-;-;-;2;1;4;-;1;-;-;-;1;4;-;-;1;-;-;1;18
"23019 SERTAO DE QUIXERAMOBIM";-;-;-;1;2;2;-;-;-;1;-;-;1;-;-;-;-;1;-;-;-;-;-;8
"23020 SERTAO DE INHAMUNS";-;-;-;-;-;-;-;-;1;-;-;-;1;-;-;-;-;-;2;-;1;-;-;5
"23021 SERTAO DE SENADOR POMPEU";-;-;1;1;2;1;-;-;-;1;-;-;-;-;-;-;-;-;1;2;-;-;1;10
"23022 LITORAL DE ARACATI";-;-;3;-;-;-;-;-;-;-;-;-;-;-;-;-;-;-;-;-;-;-;-;3
"23023 BAIXO JAGUARIBE";-;-;1;7;-;-;1;2;4;1;-;1;3;-;-;1;-;2;-;-;-;-;-;23
"23024 MEDIO JAGUARIBE";-;-;1;-;-;2;-;-;-;-;1;-;-;-;-;-;-;-;-;-;-;-;-;4
"23025 SERRA DO PEREIRO";-;-;-;-;1;-;-;-;-;1;-;-;-;-;-;-;-;-;-;-;-;-;-;2
"23026 IGUATU";1;-;-;-;-;-;-;-;1;-;3;1;1;-;-;-;-;-;1;-;2;-;-;10
"23027 VARZEA ALEGRE";-;-;-;-;2;-;-;-;1;-;1;-;-;-;-;-;1;-;1;-;-;-;-;6
"23028 LAVRAS DA MANGABEIRA";-;-;1;-;-;-;-;-;-;-;-;-;-;-;-;-;-;-;-;-;-;-;-;1
"23030 CARIRIACU";-;-;1;-;1;-;1;-;-;-;-;-;-;-;-;-;-;-;-;-;-;-;-;3
"23031 BARRO";-;-;1;-;-;-;-;-;1;-;-;-;-;-;-;-;-;-;-;-;-;-;-;2
"23032 CARIRI";-;1;-;1;-;-;-;1;3;3;1;-;-;-;-;5;-;1;-;-;2;-;-;18
"23033 BREJO SANTO";-;-;-;-;1;-;1;-;-;-;-;-;-;-;-;-;-;-;-;-;-;-;-;2
"53001 BRASILIA";-;1;2;-;-;2;1;14;4;5;6;2;9;1;14;26;8;5;1;6;1;4;-;112
"32001 BARRA DE SAO FRANCISCO";-;-;-;-;-;-;-;-;-;-;-;-;1;-;-;-;-;-;-;-;-;-;-;1
"32002 NOVA VENECIA";-;1;-;-;-;1;-;-;-;-;-;-;1;-;-;-;-;-;1;-;-;-;-;4
"32003 COLATINA";-;-;-;-;-;-;-;-;-;1;1;-;-;1;-;-;-;2;-;-;-;-;-;5
"32005 SAO MATEUS";-;-;-;-;-;-;-;-;-;-;-;-;-;-;-;-;-;-;1;1;1;-;1;4
"32006 LINHARES";-;-;-;-;-;-;-;-;-;-;-;-;-;3;-;-;-;-;1;-;2;1;2;9
"32007 AFONSO CLAUDIO";-;-;-;-;1;-;-;-;-;-;-;-;-;-;-;-;-;1;-;-;-;-;1;3
"32008 SANTA TERESA";-;-;1;-;1;-;-;-;-;1;-;-;-;-;-;-;-;-;-;-;-;-;-;3
"32009 VITORIA";1;-;1;-;-;-;1;-;-;1;1;1;2;1;2;-;-;-;1;-;-;-;1;13
"32010 GUARAPARI";-;-;-;-;-;3;2;-;-;-;-;1;-;-;-;-;-;-;-;-;-;-;-;6
"32011 ALEGRE";-;-;-;1;-;-;-;-;-;-;-;-;-;-;-;-;-;-;-;-;-;-;-;1
"32012 CACHOEIRO DE ITAPEMIRIM";2;-;-;1;-;-;-;-;-;-;-;-;-;-;-;-;-;1;-;-;-;-;-;4
"52001 SAO MIGUEL DO ARAGUAIA";-;-;-;-;-;-;-;1;3;2;-;1;-;-;3;1;-;-;-;-;1;-;-;12
"52002 RIO VERMELHO";-;-;-;-;-;-;-;-;-;1;-;-;-;-;-;-;-;1;-;-;1;-;-;3
"52003 ARAGARCAS";-;-;-;-;1;-;-;-;-;-;-;-;-;-;-;1;-;-;1;-;-;-;-;3
"52004 PORANGATU";-;-;-;4;2;-;1;-;1;4;1;1;1;-;1;3;1;1;-;2;5;-;1;29
"52005 CHAPADA DOS VEADEIROS";2;-;1;1;3;-;1;2;-;-;-;1;-;-;-;-;-;-;-;-;-;2;-;13
"52006 CERES";2;3;1;-;3;4;1;-;2;-;1;2;-;-;-;1;-;-;2;-;-;-;4;26
"52007 ANAPOLIS";2;3;3;-;1;6;2;-;5;2;2;6;2;-;2;3;5;1;2;2;5;2;-;56
"52008 IPORA";-;1;-;-;1;-;-;-;1;-;-;-;-;-;1;-;-;-;-;-;-;-;-;4
"52009 ANICUNS";1;-;-;-;-;-;-;-;-;1;1;-;1;1;2;-;1;-;-;-;1;-;1;10
"52010 GOIANIA";2;3;2;1;2;4;-;3;3;3;3;3;4;4;4;5;2;1;1;4;5;5;2;66
"52011 VAO DO PARANA";1;1;-;1;2;2;-;-;3;-;1;-;-;1;1;-;-;1;-;-;1;-;2;17
"52012 ENTORNO DE BRASILIA";-;1;-;4;1;4;1;-;3;-;9;2;2;1;2;1;1;3;1;2;2;1;1;42
"52013 SUDOESTE DE GOIAS";2;10;7;1;6;5;4;1;2;-;4;4;1;6;9;4;4;-;4;4;1;2;7;88
"52014 VALE DO RIO DOS BOIS";-;-;2;-;1;-;-;1;-;-;-;1;1;-;-;1;1;-;1;-;-;-;-;9
"52015 MEIA PONTE";-;2;2;5;-;5;1;1;1;1;1;1;1;-;4;1;-;1;1;-;-;4;1;33
"52016 PIRES DO RIO";-;-;1;-;-;-;-;1;-;-;-;-;1;-;-;-;-;-;2;-;-;-;1;6
"52017 CATALAO";1;-;1;-;2;-;-;-;1;1;1;1;-;-;1;-;-;1;3;1;2;-;-;16
"52018 QUIRINOPOLIS";-;-;1;-;-;-;-;-;-;-;-;-;1;-;-;-;-;-;-;-;-;1;1;4
"Ignorado - GO";1;-;-;-;-;-;-;-;-;-;-;-;-;1;-;4;-;-;-;-;-;-;-;6
"21001 LITORAL OCIDENTAL MARANHENSE";-;3;-;1;-;-;-;-;-;1;-;-;-;-;7;-;-;-;-;-;-;-;-;12
"21002 AGLOMERACAO URBANA DE SAO LUIS";-;1;-;-;4;2;2;1;1;-;1;3;1;-;-;-;-;-;-;1;2;1;-;20
"21003 ROSARIO";-;2;-;-;1;-;-;-;-;-;-;-;-;-;-;-;-;-;-;-;-;-;-;3
"21004 LENCOIS MARANHENSES";-;-;-;-;-;2;1;-;-;1;1;-;-;1;1;-;-;-;-;1;-;-;-;8
"21005 BAIXADA MARANHENSE";-;1;-;-;-;-;-;-;-;-;2;-;-;2;-;-;2;-;-;1;-;-;-;8
"21006 ITAPECURU MIRIM";-;1;-;-;-;-;-;-;1;-;-;1;-;-;-;-;1;-;-;-;-;-;-;4
"21007 GURUPI";-;-;-;1;-;-;-;-;-;-;-;-;-;-;-;-;-;-;-;1;-;-;-;2
"21008 PINDARE";-;2;1;1;3;-;-;2;1;2;1;1;2;1;1;1;-;1;-;-;3;1;-;24
"21009 IMPERATRIZ";3;-;1;2;5;-;1;-;-;2;-;1;2;-;-;2;1;6;1;2;-;-;1;30
"21010 MEDIO MEARIM";-;-;2;-;5;-;-;-;1;-;-;1;-;-;1;-;1;-;2;-;-;-;-;13
"21011 ALTO MEARIM E GRAJAU";1;-;-;3;2;1;2;2;1;-;3;1;2;-;1;1;4;-;-;-;1;4;1;30
"21012 PRESIDENTE DUTRA";-;-;-;2;-;-;-;1;-;1;-;2;-;1;-;-;1;-;1;-;-;-;1;10
"21013 BAIXO PARNAIBA MARANHENSE";-;-;1;-;-;-;-;-;-;-;-;1;1;1;-;-;-;1;-;1;-;-;-;6
"21014 CHAPADINHA";-;-;-;-;3;-;1;-;-;6;-;-;2;-;-;-;-;-;1;-;-;-;-;13
"21015 CODO";-;-;-;-;5;-;-;1;-;-;-;-;-;-;1;-;-;-;1;-;-;-;-;8
"21016 COELHO NETO";-;-;-;-;1;-;-;-;-;1;-;-;-;-;-;-;-;2;-;-;-;-;-;4
"21017 CAXIAS";-;-;-;-;-;-;-;1;-;1;1;-;-;-;-;-;1;1;-;-;-;-;7;12
"21018 CHAPADAS DO ALTO ITAPECURU";-;-;-;-;-;2;2;-;-;1;-;-;5;1;-;-;-;-;-;-;-;-;-;11
"21019 PORTO FRANCO";-;-;1;-;-;2;-;-;1;1;1;-;-;-;1;-;-;-;-;1;-;-;-;8
"21020 GERAIS DE BALSAS";-;-;-;-;-;-;-;-;1;-;1;-;-;1;-;-;-;-;1;1;-;-;-;5
"21021 CHAPADAS DAS MANGABEIRAS";-;-;-;1;-;-;-;-;-;-;1;-;-;-;-;-;-;-;1;-;-;-;-;3
"31001 UNAI";-;-;-;-;-;-;-;-;-;-;-;1;-;-;-;1;1;1;1;-;-;-;2;7
"31002 PARACATU";-;-;-;1;-;-;1;1;-;1;-;-;-;-;-;1;-;-;-;-;-;1;1;7
"31003 JANUARIA";-;-;-;-;-;-;-;-;-;-;-;-;1;-;1;1;-;-;-;-;-;-;-;3
"31004 JANAUBA";-;-;-;1;-;-;-;-;-;-;-;-;1;1;1;2;1;-;-;-;-;-;-;7
"31005 SALINAS";-;-;-;-;-;-;-;-;-;4;-;-;1;-;-;1;-;-;-;-;-;-;-;6
"31006 PIRAPORA";-;-;1;-;-;-;-;1;-;-;-;-;-;-;-;-;-;-;-;1;-;-;1;4
"31007 MONTES CLAROS";-;-;-;-;-;-;-;1;-;-;3;1;-;-;1;6;-;-;-;-;-;-;-;12
"31008 GRAO MOGOL";-;-;-;-;-;-;-;-;-;-;-;-;-;4;-;1;-;-;-;-;-;-;3;8
"31009 BOCAIUVA";-;-;1;-;-;1;-;-;-;-;-;-;-;-;-;-;-;-;-;-;-;-;1;3
"31010 DIAMANTINA";1;-;-;-;-;-;-;-;-;-;-;-;-;-;-;-;-;-;-;1;-;-;-;2
"31011 CAPELINHA";2;-;1;-;-;-;-;-;-;-;-;-;-;-;-;-;-;-;1;-;-;-;-;4
"31012 ARACUAI";-;-;-;-;-;-;2;1;-;-;1;-;-;1;-;1;-;-;1;-;1;-;-;8
"31013 PEDRA AZUL";1;-;-;-;-;1;-;-;-;-;-;-;-;-;-;-;-;-;1;-;-;-;-;3
"31014 ALMENARA";1;-;-;-;-;-;-;-;-;-;-;-;-;1;-;-;-;-;-;-;-;-;-;2
"31015 TEOFILO OTONI";-;-;-;1;-;1;-;-;-;2;1;2;-;-;-;1;2;-;2;-;-;-;-;12
"31016 NANUQUE";-;-;-;-;-;-;-;-;1;-;-;-;-;2;-;-;-;-;-;-;-;-;-;3
"31017 ITUIUTABA";5;-;-;1;1;1;-;1;-;-;1;-;-;2;1;-;-;1;-;-;-;-;-;14
"31018 UBERLANDIA";6;4;3;6;1;-;4;1;1;1;1;1;1;4;1;2;1;2;1;1;-;-;-;42
"31019 PATROCINIO";1;1;3;-;-;-;-;-;-;-;1;-;-;-;-;1;1;-;-;1;1;-;1;11
"31020 PATOS DE MINAS";-;-;-;-;-;1;-;-;1;-;1;-;1;2;3;1;2;1;-;1;2;-;2;18
"31021 FRUTAL";-;-;-;-;1;1;-;1;-;-;-;-;1;-;2;1;-;3;1;1;-;1;1;14
"31022 UBERABA";-;-;-;-;-;-;-;-;-;-;2;-;1;-;1;-;-;1;2;1;4;-;1;13
"31023 ARAXA";-;-;1;-;-;-;-;-;-;1;-;-;-;2;1;-;-;-;4;1;1;1;-;12
"31024 TRES MARIAS";-;-;-;1;-;-;1;-;-;-;-;-;-;-;-;1;-;-;-;-;-;-;-;3
"31025 CURVELO";-;-;-;-;-;-;-;-;-;-;-;2;-;-;-;1;-;-;1;-;-;-;-;4
"31026 BOM DESPACHO";-;-;-;-;-;-;-;-;-;-;-;-;-;-;-;-;-;1;-;-;1;-;-;2
"31027 SETE LAGOAS";-;-;-;1;1;-;-;-;-;1;-;-;-;2;1;2;1;-;-;-;1;1;1;12
"31028 CONCEICAO DO MATO DENTRO";-;-;-;-;-;1;-;-;-;-;-;-;-;-;-;-;-;-;-;-;-;1;-;2
"31029 PARA DE MINAS";1;-;-;-;-;-;-;1;-;1;-;-;1;1;-;-;-;2;-;-;-;1;-;8
"31030 BELO HORIZONTE";-;1;1;1;-;1;-;1;6;2;2;6;8;8;6;3;6;5;4;4;3;4;2;74
"31031 ITABIRA";4;-;-;-;-;-;-;2;-;-;-;-;1;1;1;-;1;3;3;1;1;-;-;18
"31032 ITAGUARA";-;-;-;-;-;-;1;-;-;-;-;-;-;-;2;1;-;-;1;-;-;-;-;5
"31033 OURO PRETO";-;-;-;-;-;-;-;1;-;-;-;2;1;-;-;-;-;-;-;-;-;-;-;4
"31034 CONSELHEIRO LAFAIETE";-;-;-;-;-;-;-;-;-;-;-;-;-;-;-;-;-;-;-;-;-;1;-;1
"31035 GUANHAES";-;-;-;-;-;-;-;-;-;-;-;-;-;2;-;-;2;2;-;-;-;-;-;6
"31036 PECANHA";-;-;-;1;-;-;-;-;-;-;-;-;-;-;-;-;-;-;-;-;-;-;-;1
"31037 GOVERNADOR VALADARES";-;-;-;-;1;3;1;-;-;1;-;-;-;-;3;-;1;-;1;-;-;-;2;13
"31038 MANTENA";-;1;-;-;-;-;-;-;1;-;-;-;-;-;-;-;-;-;-;-;-;-;-;2
"31039 IPATINGA";1;1;4;-;-;1;4;-;2;-;-;-;-;-;-;-;-;-;-;-;-;-;-;13
"31040 CARATINGA";-;-;-;-;-;-;-;-;-;-;-;1;-;1;-;-;-;-;2;2;1;3;-;10
"31041 AIMORES";1;-;-;-;-;-;-;-;-;-;-;-;-;1;-;-;-;1;-;1;-;-;1;5
"31042 PIUI";-;-;-;-;1;-;-;-;-;1;-;-;-;-;2;-;-;1;-;-;1;-;1;7
"31043 DIVINOPOLIS";-;-;2;2;-;-;-;2;1;-;-;3;-;1;1;2;-;-;1;1;1;1;-;18
"31044 FORMIGA";-;-;-;-;-;-;6;-;-;-;-;-;-;-;-;-;-;-;-;2;1;-;1;10
"31045 CAMPO BELO";-;-;1;-;-;-;-;-;-;-;-;-;-;-;-;1;-;-;-;-;-;-;-;2
"31046 OLIVEIRA";-;-;-;-;-;-;-;-;-;-;-;2;1;-;-;-;-;-;1;-;1;-;-;5
"31047 PASSOS";3;1;-;1;-;-;1;-;1;1;-;-;1;1;-;-;-;1;2;1;-;3;2;19
"31048 SAO SEBASTIAO DO PARAISO";-;-;1;1;1;1;-;2;-;1;-;-;-;-;1;2;-;4;-;-;1;-;-;15
"31049 ALFENAS";1;1;1;-;-;-;1;-;-;-;-;-;-;-;-;-;1;3;-;4;2;1;1;16
"31050 VARGINHA";-;3;2;-;-;-;-;-;-;-;-;-;-;-;-;-;-;3;-;1;-;4;-;13
"31051 POCOS DE CALDAS";-;1;1;-;-;-;-;-;-;-;1;1;-;1;1;4;3;-;2;-;-;1;-;16
"31052 POUSO ALEGRE";1;-;-;-;-;-;-;-;11;-;-;-;1;-;-;-;-;-;1;1;-;3;-;18
"31053 SANTA RITA DO SAPUCAI";1;-;-;-;2;-;-;-;-;-;-;-;-;-;-;-;2;-;-;-;-;-;-;5
"31054 SAO LOURENCO";-;-;-;-;-;-;-;-;-;-;-;-;-;-;-;-;1;-;-;-;-;-;-;1
"31055 ANDRELANDIA";-;-;-;-;-;1;-;-;-;-;-;-;-;-;-;-;2;-;-;-;-;-;-;3
"31056 ITAJUBA";-;-;-;-;-;1;-;-;-;-;-;-;-;-;-;-;-;-;-;-;2;-;1;4
"31057 LAVRAS";-;-;1;1;-;1;-;6;-;-;-;-;-;-;-;-;-;-;-;1;1;-;-;11
"31059 BARBACENA";-;-;-;1;-;-;-;-;-;-;-;-;-;-;-;-;-;-;-;-;-;-;-;1
"31060 PONTE NOVA";-;-;-;-;1;-;-;1;-;-;-;-;-;-;-;-;2;-;-;-;-;-;1;5
"31061 MANHUACU";-;-;-;1;1;1;-;-;-;-;1;-;-;-;1;-;2;1;3;1;-;-;1;13
"31062 VICOSA";-;-;-;-;-;1;1;2;-;-;-;-;-;-;-;-;-;-;-;-;-;-;-;4
"31063 MURIAE";-;-;-;-;-;-;-;-;-;-;-;-;-;-;-;-;3;1;2;2;-;1;-;9
"31064 UBA";-;-;-;-;-;-;-;-;-;-;-;-;-;-;-;-;1;-;-;-;-;3;-;4
"31065 JUIZ DE FORA";-;-;-;-;-;-;-;-;-;-;-;-;1;-;-;-;-;-;-;1;-;-;-;2
"31066 CATAGUASES";-;-;-;-;-;-;-;-;-;-;-;-;-;-;-;-;1;-;-;-;-;2;-;3
"Ignorado - MG";-;-;-;-;-;-;-;-;-;-;-;-;-;-;-;-;-;-;-;1;-;-;-;1
"50001 BAIXO PANTANAL";-;-;-;-;-;1;-;1;-;-;-;2;1;-;-;-;1;-;-;-;-;-;4;10
"50002 AQUIDAUANA";-;-;-;-;-;2;-;-;-;-;1;-;-;1;4;-;2;1;-;-;-;-;-;11
"50003 ALTO TAQUARI";-;-;-;-;3;5;-;2;-;3;-;3;2;3;4;3;1;2;-;6;-;-;-;37
"50004 CAMPO GRANDE";-;1;-;-;2;4;4;6;4;7;7;3;6;7;9;6;7;8;3;3;2;4;2;95
"50005 CASSILANDIA";-;-;2;-;1;1;3;2;-;1;-;6;1;1;6;1;1;-;3;2;1;-;1;33
"50006 PARANAIBA";-;-;-;-;-;1;1;1;-;-;1;1;1;3;-;-;1;-;-;-;-;1;-;11
"50007 TRES LAGOAS";-;-;-;-;1;5;-;2;1;1;1;2;-;-;2;2;1;3;-;2;3;-;3;29
"50008 NOVA ANDRADINA";-;-;-;-;-;1;-;1;-;1;1;-;1;9;-;1;1;-;-;-;-;-;-;16
"50009 BODOQUENA";-;-;-;-;-;-;-;-;-;-;-;2;-;-;1;-;-;-;-;1;-;1;1;6
"50010 DOURADOS";-;2;2;3;3;3;4;4;-;2;4;5;7;9;6;3;4;5;6;5;3;10;7;97
"50011 IGUATEMI";-;-;-;-;2;1;2;1;1;1;6;4;3;4;2;2;1;-;2;1;1;2;4;40
"Ignorado - MS";-;-;2;-;1;-;-;-;-;-;-;-;-;-;1;-;-;-;-;-;-;-;-;4
"51001 ARIPUANA";-;-;2;-;-;1;3;1;-;1;2;2;1;5;2;1;3;3;4;-;4;-;-;35
"51002 ALTA FLORESTA";-;-;1;-;-;-;1;-;-;-;-;2;-;-;-;2;-;1;2;-;-;1;-;10
"51003 COLIDER";-;-;1;-;-;-;-;1;2;-;1;1;2;2;1;3;-;2;-;1;1;1;2;21
"51004 PARECIS";-;-;-;-;-;1;1;-;2;-;4;1;-;-;3;2;-;1;1;1;-;-;3;20
"51005 ARINOS";-;-;1;-;-;-;1;1;1;7;1;-;1;-;-;3;-;-;-;1;1;2;1;21
"51006 ALTO TELES PIRES";-;1;-;-;-;1;2;-;3;2;2;3;5;8;-;3;1;2;7;6;2;7;13;68
"51007 SINOP";2;-;1;-;2;5;3;2;1;2;2;1;3;3;2;4;1;2;-;1;4;9;7;57
"51008 PARANATINGA";-;-;-;-;1;-;1;-;-;-;2;-;1;-;1;-;-;-;-;-;-;1;1;8
"51009 NORTE ARAGUAIA";1;-;-;-;-;1;1;-;-;1;-;-;1;3;-;-;1;1;4;1;-;1;3;19
"51010 CANARANA";-;-;-;-;2;1;1;-;5;-;8;-;1;-;-;1;1;-;1;2;2;1;2;28
"51011 MEDIO ARAGUAIA";-;-;-;-;1;-;-;-;-;-;2;-;-;-;1;-;-;-;-;-;-;-;-;4
"51012 ALTO GUAPORE";-;-;-;-;-;1;-;2;-;-;-;1;-;-;-;-;-;1;1;1;-;-;1;8
"51013 TANGARA DA SERRA";1;-;1;-;-;2;1;-;1;1;-;3;1;1;-;-;-;-;2;3;-;-;1;18
"51014 JAURU";-;-;-;-;-;-;1;5;-;1;2;3;-;-;1;-;-;1;-;-;-;2;1;17
"51015 ALTO PARAGUAI";-;-;-;-;-;-;-;-;-;-;-;-;1;-;-;-;-;-;1;-;-;-;1;3
"51016 ROSARIO OESTE";-;-;-;1;-;-;-;-;-;-;-;-;-;-;-;1;-;-;-;-;-;-;-;2
"51017 CUIABA";1;-;-;4;-;-;2;4;6;-;1;7;9;2;2;-;1;7;4;3;-;-;1;54
"51018 ALTO PANTANAL";-;-;-;-;-;1;1;2;-;3;-;1;1;2;3;4;-;1;-;-;-;1;2;22
"51019 PRIMAVERA DO LESTE";-;-;-;1;-;-;1;-;-;-;-;-;1;3;-;1;2;3;-;2;-;-;1;15
"51020 TESOURO";1;-;-;-;-;1;-;-;1;1;4;3;-;-;-;-;1;-;-;-;-;-;-;12
"51021 RONDONOPOLIS";-;-;-;1;1;-;2;-;1;3;-;1;4;4;2;2;-;3;-;-;-;-;-;24
"51022 ALTO ARAGUAIA";1;-;-;5;-;-;2;-;-;2;-;1;-;-;-;-;-;-;-;-;-;-;-;11
"15001 OBIDOS";-;-;-;-;-;-;-;-;-;-;-;-;-;-;2;-;-;-;-;-;1;-;-;3
"15002 SANTAREM";-;-;-;2;-;-;-;-;-;1;-;-;-;1;-;1;1;-;-;-;-;-;1;7
"15003 ALMEIRIM";-;-;-;1;-;-;-;-;1;-;-;-;-;-;-;-;-;-;-;-;-;-;-;2
"15005 FUROS DE BREVES";-;-;-;-;-;-;-;-;-;-;-;-;-;-;-;-;-;1;-;-;-;-;-;1
"15006 ARARI";-;-;1;-;-;-;-;-;-;-;-;-;-;-;-;-;-;-;-;1;-;1;-;3
"15007 BELEM";-;1;-;-;-;1;-;-;1;-;1;-;-;1;3;-;1;-;-;-;-;1;1;11
"15008 CASTANHAL";-;-;-;-;-;1;-;3;-;1;-;-;1;-;3;-;-;-;-;-;1;-;-;10
"15009 SALGADO";-;-;-;1;-;-;1;-;-;-;-;-;-;1;-;-;-;-;-;-;-;-;-;3
"15010 BRAGANTINA";-;-;-;-;-;-;-;-;-;-;-;-;1;2;-;2;1;-;-;-;-;-;-;6
"15011 CAMETA";-;-;-;-;-;-;-;1;-;-;-;-;-;-;-;-;-;-;-;-;-;-;-;1
"15012 TOME-ACU";-;3;-;-;-;1;-;1;-;-;-;1;-;-;-;-;-;-;-;-;-;-;-;6
"15013 GUAMA";-;-;1;-;1;1;-;-;-;-;-;1;-;-;1;-;-;-;-;-;-;-;-;5
"15014 ITAITUBA";3;-;-;-;-;1;1;-;-;1;-;3;1;-;2;2;2;7;2;3;2;1;-;31
"15015 ALTAMIRA";2;-;-;1;1;-;-;-;1;2;5;-;1;2;-;-;2;-;1;1;2;-;-;21
"15016 TUCURUI";2;5;2;-;4;4;-;-;-;-;-;-;1;3;3;2;-;-;-;-;-;-;-;26
"15017 PARAGOMINAS";2;-;-;-;1;-;1;5;1;-;3;1;-;-;-;-;-;1;1;-;-;-;1;17
"15018 SAO FELIX DO XINGU";1;-;1;-;1;-;-;-;-;-;-;-;-;-;-;-;-;-;-;-;-;-;-;3
"15019 PARAUAPEBAS";1;-;-;2;2;1;2;-;2;-;-;-;4;-;-;-;-;-;-;4;-;-;1;19
"15020 MARABA";1;1;-;-;1;1;4;1;-;-;-;-;-;1;-;1;-;1;-;1;-;-;-;13
"15021 REDENCAO";1;-;-;1;1;-;-;-;1;1;-;1;1;-;-;-;-;-;-;4;-;-;1;12
"15022 CONCEICAO DO ARAGUAIA";-;-;-;2;-;1;-;-;1;-;-;2;-;-;1;2;-;-;-;3;-;-;1;13
"25001 CATOLE DO ROCHA";-;-;-;-;-;-;-;-;-;-;-;-;-;-;1;-;-;-;-;-;-;-;-;1
"25002 CAJAZEIRAS";-;-;-;1;3;-;-;-;-;-;-;-;-;-;-;-;-;-;-;-;-;1;-;5
"25003 SOUSA";-;-;-;-;-;-;-;1;-;1;-;-;1;-;-;-;4;-;-;1;-;-;-;8
"25004 PATOS";-;-;-;-;-;-;-;1;-;-;-;-;-;-;-;-;-;-;1;-;-;-;-;2
"25005 PIANCO";-;-;-;-;2;-;-;-;-;-;-;-;-;-;-;-;-;-;-;-;-;-;-;2
"25006 ITAPORANGA";-;-;-;-;-;-;-;-;-;-;-;1;-;-;-;-;-;-;-;-;-;-;-;1
"25007 SERRA DO TEIXEIRA";-;-;-;-;-;-;-;-;-;1;-;-;-;1;-;-;-;-;-;-;-;-;-;2
"25010 CARIRI OCIDENTAL";-;-;-;-;-;-;-;1;-;-;-;-;-;-;-;-;-;-;-;-;-;-;-;1
"25015 BREJO PARAIBANO";1;-;-;-;-;-;-;-;-;-;-;-;-;-;-;-;-;-;-;-;-;-;-;1
"25016 GUARABIRA";-;-;-;-;-;1;-;-;-;-;2;1;-;-;-;-;-;-;-;-;-;-;-;4
"25017 CAMPINA GRANDE";-;-;4;-;-;1;-;-;-;-;-;-;1;-;-;-;-;-;-;-;-;-;-;6
"25018 ITABAIANA";-;-;-;-;-;-;-;-;1;-;-;-;-;-;1;-;-;-;-;-;-;-;-;2
"25019 UMBUZEIRO";-;-;-;-;-;-;-;-;1;-;-;1;-;-;-;-;-;-;-;-;-;-;-;2
"25021 SAPE";-;-;-;-;-;-;-;-;-;-;1;-;-;-;-;-;-;-;-;-;-;-;-;1
"25022 JOAO PESSOA";1;2;-;1;-;-;-;-;-;2;-;-;-;-;-;-;-;2;-;-;2;-;1;11
"25023 LITORAL SUL";-;-;-;-;-;-;-;-;-;1;-;-;-;-;-;-;-;-;-;-;-;-;-;1
"26001 ARARIPINA";1;-;-;1;2;1;-;3;2;2;2;1;2;-;1;-;-;-;2;-;-;-;-;20
"26002 SALGUEIRO";2;1;-;-;-;1;-;-;5;1;-;-;-;-;-;-;3;-;-;-;-;-;-;13
"26003 PAJEU";3;-;-;1;-;1;-;2;-;-;3;1;-;2;-;1;2;-;1;-;-;-;-;17
"26004 SERTAO DO MOXOTO";-;-;1;-;-;1;1;1;-;-;1;1;1;-;-;-;-;-;-;-;-;-;1;8
"26005 PETROLINA";-;-;-;-;-;3;1;-;1;1;1;-;-;1;-;1;-;2;4;1;-;-;-;16
"26006 ITAPARICA";-;1;-;1;1;-;-;-;-;-;2;-;3;-;2;5;-;-;-;1;-;-;-;16
"26007 VALE DO IPANEMA";-;-;-;-;-;-;-;-;-;-;-;-;-;-;-;-;1;-;-;-;-;1;-;2
"26008 VALE DO IPOJUCA";11;3;4;1;1;4;1;3;1;2;4;3;3;2;-;-;2;1;1;1;-;-;-;48
"26009 ALTO CAPIBARIBE";-;3;-;2;-;-;-;2;-;3;5;1;-;1;1;1;-;-;1;-;-;-;-;20
"26010 MEDIO CAPIBARIBE";-;-;-;-;-;2;-;-;1;-;1;1;1;-;1;-;1;-;-;-;-;-;-;8
"26011 GARANHUNS";-;-;1;-;-;1;-;1;-;-;1;1;1;1;-;-;-;-;3;-;-;-;-;10
"26012 BREJO PERNAMBUCANO";-;-;-;-;-;-;1;-;-;1;-;2;-;-;-;-;-;-;-;-;-;-;-;4
"26013 MATA SETENTRIONAL PERNAMBUCANA";-;-;-;3;2;1;3;-;-;-;3;1;-;-;-;-;-;1;-;-;-;-;1;15
"26014 VITORIA DE SANTO ANTAO";-;-;2;1;-;-;-;-;-;2;-;1;-;-;-;1;-;-;-;-;-;-;-;7
"26015 MATA MERIDIONAL PERNAMBUCANA";1;2;-;4;3;1;4;-;-;4;2;6;-;3;1;-;-;-;2;1;-;-;-;34
"26016 ITAMARACA";-;-;-;-;-;-;-;-;2;-;-;-;-;-;-;-;-;1;-;-;-;-;-;3
"26017 RECIFE";1;-;-;-;1;1;2;1;-;-;-;3;1;4;5;-;-;1;-;-;-;1;-;21
"26018 SUAPE";-;-;1;-;-;-;1;-;-;-;-;-;-;1;-;-;-;-;-;-;-;1;-;4
"Ignorado - PE";-;-;-;-;-;-;-;-;-;-;-;-;-;-;-;-;-;-;-;-;-;1;-;1
"22001 BAIXO PARNAIBA PIAUIENSE";-;1;1;1;1;-;-;-;-;1;-;-;1;1;-;1;1;1;-;-;-;-;1;11
"22002 LITORAL PIAUIENSE";-;-;1;-;-;-;1;-;-;-;-;1;8;-;-;-;-;5;-;1;-;-;-;17
"22003 TERESINA";-;2;1;-;1;-;1;1;-;1;4;8;2;1;2;1;-;3;1;-;-;-;-;29
"22004 CAMPO MAIOR";-;-;1;-;-;-;-;1;-;-;-;-;-;-;-;-;-;-;-;-;-;1;-;3
"22005 MEDIO PARNAIBA PIAUIENSE";-;-;-;-;-;-;-;-;-;-;1;-;1;1;1;-;-;-;1;-;-;-;1;6
"22006 VALENCA DO PIAUI";-;-;-;-;-;-;-;-;1;1;-;-;1;-;-;-;-;-;-;-;-;-;-;3
"22007 ALTO PARNAIBA PIAUIENSE";-;-;-;-;1;-;-;-;-;2;2;1;-;-;-;1;-;-;-;1;-;-;1;9
"22008 BERTOLINIA";-;-;-;-;-;-;-;-;1;1;-;1;-;-;-;-;-;-;-;-;-;-;-;3
"22009 FLORIANO";-;-;-;-;-;-;2;-;4;2;1;-;-;1;-;-;-;-;-;-;-;-;-;10
"22010 ALTO MEDIO GURGUEIA";-;-;-;-;1;-;-;-;-;-;-;-;-;6;2;2;-;-;-;-;1;-;-;12
"22011 SAO RAIMUNDO NONATO";-;-;-;-;-;-;-;-;4;7;1;-;3;2;2;-;3;-;1;1;-;-;-;24
"22012 CHAPADAS DO EXTREMO SUL PIAUIENSE";-;-;-;-;-;-;1;3;1;-;-;-;-;-;-;-;-;1;-;-;2;1;-;9
"22013 PICOS";-;1;-;1;4;-;-;1;-;1;1;1;3;2;-;1;-;-;-;-;-;-;1;17
"22014 PIO IX";-;-;-;-;-;-;-;-;1;1;1;-;-;2;-;3;-;-;-;-;-;-;-;8
"22015 ALTO MEDIO CANINDE";-;-;-;-;1;-;-;-;2;3;1;1;1;2;-;4;4;2;1;-;-;-;-;22
"41001 PARANAVAI";-;-;1;2;-;1;3;-;1;1;6;1;-;2;-;1;2;2;1;4;1;-;-;29
"41002 UMUARAMA";2;1;2;1;1;1;1;-;1;1;1;1;1;5;1;1;1;1;-;-;1;-;-;24
"41003 CIANORTE";-;-;1;-;1;2;-;-;-;-;1;1;2;2;-;1;7;5;1;1;-;-;1;26
"41004 GOIOERE";4;-;-;1;-;1;1;2;-;1;1;1;4;3;-;1;-;1;-;1;1;-;1;24
"41005 CAMPO MOURAO";1;-;1;-;4;2;-;-;1;4;1;-;2;-;-;-;2;-;2;-;-;-;6;26
"41006 ASTORGA";3;2;3;-;1;1;2;1;-;1;-;1;1;-;8;-;-;1;-;1;1;2;-;29
"41007 PORECATU";-;1;-;-;-;2;1;1;-;-;-;-;-;-;1;1;-;2;-;-;-;-;-;9
"41008 FLORAI";3;-;-;-;-;-;-;-;-;-;-;1;1;1;-;-;1;-;-;1;1;-;1;10
"41009 MARINGA";1;-;1;6;2;1;2;-;3;2;3;1;4;2;1;3;1;1;2;2;-;-;3;41
"41010 APUCARANA";-;-;-;-;1;2;1;1;-;3;1;2;3;1;4;-;-;2;-;1;-;-;-;22
"41011 LONDRINA";3;4;4;1;2;2;-;1;4;3;3;2;2;3;1;-;4;2;2;-;1;1;-;45
"41012 FAXINAL";-;-;-;1;-;-;-;-;-;-;3;-;1;-;-;-;-;-;-;-;1;-;-;6
"41013 IVAIPORA";1;1;-;-;-;-;-;3;-;2;1;3;4;-;-;-;2;-;-;1;3;1;2;24
"41014 ASSAI";-;-;-;3;-;-;-;-;1;-;1;-;-;-;-;-;-;-;-;-;-;-;-;5
"41015 CORNELIO PROCOPIO";3;2;4;-;-;1;-;3;3;1;-;-;1;1;-;1;-;1;-;-;-;1;-;22
"41016 JACAREZINHO";1;-;-;-;-;-;-;-;-;-;-;1;-;-;-;-;-;-;1;-;-;-;1;4
"41017 IBAITI";1;-;-;-;-;-;-;-;-;-;-;-;-;-;-;-;2;-;1;-;2;3;-;9
"41018 WENCESLAU BRAZ";1;-;-;1;1;-;-;-;-;-;-;-;-;-;-;-;-;1;-;-;-;-;-;4
"41019 TELEMACO BORBA";-;-;-;-;1;-;-;1;1;-;-;-;-;2;1;-;1;2;1;-;2;-;-;12
"41020 JAGUARIAIVA";-;-;-;-;-;-;-;-;-;-;-;-;-;-;-;-;-;-;1;1;-;-;1;3
"41021 PONTA GROSSA";-;-;-;1;-;-;-;1;-;-;-;1;-;-;-;-;2;3;2;1;-;2;1;14
"41022 TOLEDO";-;-;-;-;2;2;-;2;1;1;-;-;-;1;2;2;5;3;4;1;5;7;4;42
"41023 CASCAVEL";-;-;-;-;2;1;-;-;-;-;-;1;1;-;-;-;4;1;-;-;3;1;3;17
"41024 FOZ DO IGUACU";-;-;-;-;-;-;-;-;-;1;1;-;-;3;2;-;2;2;-;-;-;2;-;13
"41025 CAPANEMA";-;-;-;2;-;-;-;-;-;-;1;-;-;-;-;-;-;1;3;2;2;-;1;12
"41026 FRANCISCO BELTRAO";1;-;-;-;-;1;2;-;-;-;-;4;4;-;-;2;-;1;2;2;3;-;-;22
"41027 PATO BRANCO";-;-;-;1;1;-;-;1;-;1;-;-;-;-;-;1;-;3;3;2;-;1;-;14
"41028 PITANGA";-;-;2;-;3;1;2;-;-;1;2;2;-;-;-;1;1;-;-;-;5;-;-;20
"41029 GUARAPUAVA";-;-;-;-;2;1;2;2;3;-;2;3;1;1;3;1;-;4;4;5;6;7;4;51
"41030 PALMAS";-;-;-;1;-;-;-;2;-;-;-;-;1;-;-;-;1;-;-;2;-;-;-;7
"41031 PRUDENTOPOLIS";1;-;-;1;-;-;-;-;-;-;1;2;-;-;-;-;-;3;-;-;-;4;-;12
"41032 IRATI";-;-;-;-;-;-;2;-;-;-;3;1;-;-;1;-;-;1;-;1;1;-;-;10
"41033 UNIAO DA VITORIA";-;-;-;-;1;-;-;-;1;1;1;3;-;-;-;-;-;1;-;-;-;1;-;9
"41034 SAO MATEUS DO SUL";1;-;-;-;1;-;2;-;-;-;-;-;1;-;-;-;-;-;-;1;-;-;-;6
"41035 CERRO AZUL";-;-;-;-;-;-;-;-;-;-;-;-;-;-;-;-;-;-;-;2;-;-;-;2
"41036 LAPA";-;-;-;-;-;-;-;-;-;-;-;-;-;-;-;-;-;1;-;-;-;-;-;1
"41037 CURITIBA";1;-;-;4;-;1;1;1;3;-;2;2;3;3;1;-;3;3;4;8;2;3;4;49
"41038 PARANAGUA";-;-;-;1;-;-;-;-;1;-;-;-;-;-;-;1;-;-;1;2;-;-;-;6
"41039 RIO NEGRO";-;-;-;1;1;-;-;-;-;-;1;-;-;-;2;-;-;-;-;2;-;-;-;7
"Ignorado - PR";-;-;-;-;-;-;-;-;-;-;-;-;-;-;-;-;-;1;-;-;-;-;-;1
"33001 ITAPERUNA";-;5;-;-;1;1;-;-;-;-;-;1;-;1;-;1;2;-;-;-;-;1;2;15
"33002 SANTO ANTONIO DE PADUA";-;-;-;-;-;-;1;-;-;-;-;-;1;-;-;-;-;-;1;-;-;-;-;3
"33003 CAMPOS DOS GOYTACAZES";-;1;-;1;3;7;7;5;-;1;1;1;1;2;1;1;7;-;1;1;-;3;2;46
"33004 MACAE";1;-;1;-;1;-;1;-;-;-;-;-;-;-;-;-;-;1;-;-;-;-;-;5
"33005 TRES RIOS";-;-;-;-;-;-;-;-;-;-;-;-;-;-;-;-;2;-;-;-;-;-;-;2
"33007 NOVA FRIBURGO";-;-;-;-;-;-;-;1;-;-;-;-;-;-;-;-;-;-;-;-;-;-;-;1
"33008 SANTA MARIA MADALENA";-;-;-;-;-;-;-;-;-;-;1;-;-;-;-;-;-;-;-;-;-;-;-;1
"33009 BACIA DE SAO JOAO";-;-;-;-;-;-;-;1;-;-;1;-;-;-;1;-;-;-;-;-;-;-;-;3
"33010 LAGOS";-;-;3;5;1;1;8;-;-;-;-;-;-;-;-;-;-;-;-;-;-;-;-;18
"33011 VALE DO PARAIBA FLUMINENSE";-;-;-;4;1;2;2;-;1;2;1;1;1;1;-;-;-;1;-;1;-;-;5;23
"33012 BARRA DO PIRAI";-;-;-;-;-;-;-;-;-;-;1;-;-;3;-;-;-;-;1;2;-;-;-;7
"33013 BAIA DA ILHA GRANDE";-;2;-;1;-;1;-;3;5;-;-;-;-;-;-;-;-;-;-;-;-;-;-;12
"33014 VASSOURAS";-;2;-;-;-;-;-;-;1;-;-;-;-;1;-;-;-;-;-;-;-;-;1;5
"33015 SERRANA";-;-;-;4;1;-;-;4;2;1;-;1;-;-;-;1;-;-;-;-;-;-;-;14
"33016 MACACU-CACERIBU";-;3;-;1;-;-;-;-;-;-;-;-;-;-;-;-;-;-;1;-;-;-;-;5
"33017 ITAGUAI";-;1;1;-;-;1;-;-;1;-;-;-;-;1;-;-;-;-;-;-;-;-;-;5
"33018 RIO DE JANEIRO";1;2;1;17;7;17;8;21;5;3;3;2;5;1;-;3;5;4;2;2;-;-;-;109
"24001 MOSSORO";-;-;-;-;-;-;-;-;-;-;-;-;-;-;1;1;-;-;-;-;2;-;-;4
"24002 CHAPADA DO APODI";-;-;-;-;-;-;-;-;-;-;-;-;1;-;1;-;-;-;-;-;-;-;-;2
"24004 VALE DO ACU";-;-;-;-;-;-;-;-;-;-;1;3;1;2;-;-;-;1;-;-;-;-;-;8
"24005 SERRA DE SAO MIGUEL";-;-;-;-;-;-;-;-;-;2;-;-;-;-;-;-;-;-;-;-;-;-;-;2
"24007 UMARIZAL";-;-;-;1;-;-;-;-;-;-;-;-;-;-;-;-;1;-;-;-;-;-;-;2
"24009 ANGICOS";-;-;-;-;-;-;-;-;-;-;-;-;1;-;-;-;-;-;-;-;-;-;-;1
"24010 SERRA DE SANTANA";-;-;2;-;-;-;-;-;1;-;-;-;-;-;-;1;-;-;-;-;-;-;-;4
"24011 SERIDO OCIDENTAL";-;4;-;-;1;-;1;-;1;-;1;-;-;-;-;-;-;-;-;-;-;-;-;8
"24012 SERIDO ORIENTAL";-;-;5;-;-;1;-;-;-;-;-;3;-;3;-;1;-;-;-;-;-;-;-;13
"24013 BAIXA VERDE";-;-;-;-;-;-;-;-;-;1;-;-;-;-;-;-;-;-;1;-;-;-;-;2
"24014 BORBOREMA POTIGUAR";-;-;-;-;-;-;1;-;-;-;-;1;-;-;-;-;-;-;-;-;-;-;-;2
"24015 AGRESTE POTIGUAR";-;-;1;1;-;-;-;-;-;-;-;-;-;-;-;-;-;-;-;-;-;-;-;2
"24016 LITORAL NORDESTE";-;-;-;-;-;-;1;-;-;-;-;-;-;-;1;-;-;-;-;-;-;-;1;3
"24017 MACAIBA";-;-;1;-;-;-;1;-;-;1;-;-;1;-;-;-;-;-;1;-;-;-;-;5
"24018 NATAL";-;-;2;-;-;-;1;1;1;-;2;3;-;1;1;-;1;1;-;-;-;1;-;15
"24019 LITORAL SUL";-;-;-;-;1;1;-;-;-;-;-;-;-;-;-;-;-;-;-;-;-;-;-;2
"11001 PORTO VELHO";-;-;1;1;-;-;-;-;-;2;1;-;1;-;-;6;3;-;2;1;-;-;2;20
"11002 GUAJARA-MIRIM";-;-;-;-;-;1;1;-;1;-;1;-;-;-;-;1;-;-;-;-;-;1;1;7
"11003 ARIQUEMES";-;-;1;-;-;-;1;-;-;1;-;1;-;-;-;3;-;-;1;-;-;2;3;13
"11004 JI-PARANA";-;-;-;-;-;1;-;-;1;1;4;1;1;-;-;-;1;2;1;2;2;-;-;17
"11005 ALVORADA D'OESTE";-;-;1;-;-;-;-;-;-;-;-;-;1;-;-;1;-;-;-;-;-;-;1;4
"11006 CACOAL";-;-;-;-;-;1;-;-;1;4;1;1;1;2;1;1;2;-;-;1;3;2;-;21
"11007 VILHENA";-;-;-;-;-;-;-;-;-;3;5;-;-;1;-;1;1;2;1;2;1;-;-;17
"11008 COLORADO DO OESTE";-;-;-;-;-;-;-;-;-;-;-;1;1;1;1;-;-;-;-;2;2;-;2;10
"14001 BOA VISTA";4;7;2;2;2;1;2;1;3;2;2;4;-;1;1;-;-;1;1;-;-;-;-;36
"14002 NORDESTE DE RORAIMA";1;2;4;-;-;-;-;-;1;-;1;-;-;-;1;1;-;-;-;-;1;-;1;13
"14003 CARACARAI";-;3;4;-;-;-;-;-;1;-;1;1;-;-;-;-;-;-;-;-;-;-;-;10
"14004 SUDESTE DE RORAIMA";-;-;-;-;-;2;-;-;-;1;-;1;-;-;-;1;-;2;-;-;-;-;-;7
"43001 SANTA ROSA";-;1;1;-;1;2;-;-;-;2;1;-;1;-;2;-;2;-;-;2;-;-;3;18
"43002 TRES PASSOS";-;-;4;1;1;-;-;1;-;-;-;-;3;-;1;-;-;1;1;2;1;-;2;18
"43003 FREDERICO WESTPHALEN";-;-;-;-;-;-;-;-;-;-;-;1;2;1;2;-;1;-;1;-;3;3;2;16
"43004 ERECHIM";-;3;-;1;1;2;-;-;-;-;-;1;-;-;-;-;-;-;1;2;1;-;3;15
"43005 SANANDUVA";-;-;-;-;1;-;-;-;-;-;-;-;-;-;3;-;3;-;-;-;-;1;-;8
"43006 CERRO LARGO";-;-;1;-;-;-;-;-;-;1;1;-;-;-;1;-;-;-;-;1;-;1;-;6
"43007 SANTO ANGELO";-;-;1;1;1;2;1;-;2;1;4;2;-;2;5;4;-;2;4;-;2;-;-;34
"43008 IJUI";-;-;1;2;-;1;-;1;1;-;-;-;1;-;-;-;4;1;3;1;-;3;1;20
"43009 CARAZINHO";-;-;-;-;-;-;-;-;-;-;1;-;-;-;-;1;1;4;-;2;-;-;5;14
"43010 PASSO FUNDO";2;1;-;-;-;2;-;-;2;4;1;-;3;-;1;1;9;3;7;1;3;4;5;49
"43011 CRUZ ALTA";1;-;1;-;-;-;-;2;-;-;-;-;-;-;1;1;-;2;4;2;-;-;2;16
"43012 NAO-ME-TOQUE";-;-;-;1;-;-;-;-;-;-;-;-;-;-;1;-;1;1;-;-;-;-;-;4
"43013 SOLEDADE";-;-;-;-;4;-;-;-;-;-;-;1;-;-;-;1;1;3;1;1;1;1;2;16
"43014 GUAPORE";-;1;2;1;1;-;1;-;-;-;-;-;-;1;2;1;-;4;1;-;-;-;1;16
"43015 VACARIA";1;1;-;2;-;1;-;1;-;-;1;1;2;-;1;1;3;-;2;-;-;4;-;21
"43016 CAXIAS DO SUL";1;5;3;-;2;4;3;5;-;6;2;7;2;3;3;5;6;5;1;4;1;5;6;79
"43017 SANTIAGO";-;-;1;-;2;-;-;1;-;2;-;-;1;-;-;-;-;1;-;2;2;-;-;12
"43018 SANTA MARIA";-;-;-;-;-;-;-;-;-;-;1;2;-;-;1;2;1;1;2;4;-;-;1;15
"43019 RESTINGA SECA";-;-;1;-;-;-;1;-;-;-;-;-;-;-;-;1;1;-;-;1;-;1;-;6
"43020 SANTA CRUZ DO SUL";-;3;4;-;1;1;-;-;2;1;-;-;-;2;-;-;1;-;2;1;-;-;2;20
"43021 LAJEADO-ESTRELA";1;1;3;-;-;-;-;-;1;-;-;-;-;1;-;-;-;-;-;1;1;-;1;10
"43022 CACHOEIRA DO SUL";-;1;-;-;-;-;-;1;2;1;-;-;2;2;1;2;3;1;1;2;1;-;-;20
"43023 MONTENEGRO";-;-;1;-;-;-;1;-;-;2;-;-;-;1;-;-;1;3;1;1;-;-;1;12
"43024 GRAMADO-CANELA";1;-;-;-;3;-;-;-;1;-;1;-;-;2;-;-;1;2;1;1;1;-;-;14
"43025 SAO JERONIMO";1;-;-;-;-;-;1;-;-;1;-;-;-;-;3;-;-;-;-;-;-;-;-;6
"43026 PORTO ALEGRE";-;1;2;4;5;4;2;1;1;3;3;5;5;3;3;3;2;5;8;12;-;3;3;78
"43027 OSORIO";-;-;-;-;1;-;1;-;1;1;-;-;1;1;1;2;-;1;2;-;2;-;-;14
"43028 CAMAQUA";-;-;-;-;-;-;-;-;-;-;-;1;-;-;-;-;-;1;-;1;-;2;-;5
"43029 CAMPANHA OCIDENTAL";-;1;1;2;1;2;1;-;-;1;2;1;1;-;2;1;1;4;-;-;1;1;-;23
"43030 CAMPANHA CENTRAL";-;-;-;-;-;-;1;1;1;2;-;-;1;-;1;1;1;1;-;2;-;-;-;12
"43031 CAMPANHA MERIDIONAL";-;1;1;-;-;-;-;-;-;2;-;-;-;1;3;-;-;1;-;1;-;1;1;12
"43032 SERRAS DE SUDESTE";-;-;-;-;1;-;-;-;-;2;-;-;-;-;-;-;-;1;2;1;1;1;1;10
"43033 PELOTAS";1;-;-;-;-;-;-;-;-;-;-;-;-;2;-;3;-;5;-;-;1;3;1;16
"43034 JAGUARAO";-;-;-;-;-;-;-;-;1;-;-;-;-;-;-;-;-;-;-;-;-;-;-;1
"43035 LITORAL LAGUNAR";-;-;-;3;-;-;-;-;1;-;-;2;-;-;1;-;1;-;-;-;-;-;-;8
"42001 SAO MIGUEL DO OESTE";-;-;2;1;-;-;-;2;-;-;-;-;-;1;-;-;1;-;4;2;1;-;-;14
"42002 CHAPECO";1;1;5;1;2;5;1;3;1;2;-;-;4;-;1;1;2;3;7;-;2;3;2;47
"42003 XANXERE";-;-;-;1;3;3;-;-;2;-;-;3;3;2;-;2;2;1;1;-;-;1;1;25
"42004 JOACABA";4;3;1;1;1;2;2;2;1;-;1;1;2;3;2;4;2;-;2;-;5;-;-;39
"42005 CONCORDIA";-;-;-;2;-;-;-;1;4;-;2;2;2;-;-;1;-;3;1;-;-;1;-;19
"42006 CANOINHAS";-;-;-;-;1;-;2;-;-;-;-;3;2;-;-;2;-;-;-;-;-;1;-;11
"42007 SAO BENTO DO SUL";-;-;-;-;-;-;-;-;-;-;1;-;-;1;2;-;-;-;-;-;-;-;-;4
"42008 JOINVILLE";2;5;-;1;2;-;2;2;1;2;1;4;7;1;1;-;1;-;1;1;-;1;-;35
"42009 CURITIBANOS";1;-;-;-;-;-;1;-;-;-;4;-;1;-;-;-;7;2;-;2;-;-;-;18
"42010 CAMPOS DE LAGES";-;-;-;1;-;1;-;-;-;-;1;-;-;-;-;-;-;-;1;-;-;4;-;8
"42011 RIO DO SUL";3;1;1;2;2;-;-;-;2;2;1;1;-;1;-;1;-;-;2;3;1;-;-;23
"42012 BLUMENAU";-;1;-;3;1;-;-;1;-;2;3;2;1;2;-;4;1;-;2;-;-;-;-;23
"42013 ITAJAI";2;-;-;3;-;2;2;-;-;1;1;2;1;-;-;-;2;1;1;1;-;-;-;19
"42014 ITUPORANGA";-;-;-;-;-;-;-;-;-;-;2;1;1;1;-;-;-;-;-;2;-;-;-;7
"42015 TIJUCAS";-;-;-;-;-;-;-;-;-;2;-;-;-;-;-;-;1;-;-;-;-;-;-;3
"42016 FLORIANOPOLIS";-;-;3;3;3;1;-;1;1;2;-;1;3;-;-;1;3;1;-;-;-;-;1;24
"42017 TABULEIRO";-;-;-;-;-;-;-;-;1;-;-;-;-;-;-;-;-;-;-;1;-;-;-;2
"42018 TUBARAO";-;2;2;1;4;-;1;5;-;3;1;1;-;1;1;-;-;1;-;-;-;-;-;23
"42019 CRICIUMA";-;-;-;2;2;-;5;1;-;1;-;-;1;-;-;1;2;1;-;1;-;-;-;17
"42020 ARARANGUA";-;-;1;-;-;-;-;-;-;-;3;-;-;-;1;1;1;1;2;1;-;-;2;13
"28001 SERGIPANA DO SERTAO DO SAO FRANCISCO";-;-;-;1;-;-;1;-;-;-;-;-;-;-;-;-;-;-;-;-;1;-;-;3
"28002 CARIRA";-;-;1;-;-;-;-;1;-;-;-;-;-;-;-;-;-;-;-;-;-;-;-;2
"28004 AGRESTE DE ITABAIANA";1;-;-;-;-;-;-;-;-;-;-;-;-;-;-;-;-;-;-;-;-;-;-;1
"28011 ARACAJU";-;1;1;-;1;-;-;1;-;-;-;-;-;-;-;-;-;-;-;-;-;-;-;4
"28012 BOQUIM";-;-;-;-;-;-;-;-;1;-;-;-;-;-;-;-;-;-;-;-;-;-;-;1
"35001 JALES";-;-;-;-;-;-;-;-;-;1;-;-;-;1;-;-;-;1;1;1;1;1;-;7
"35002 FERNANDOPOLIS";-;-;-;-;-;-;-;-;-;-;-;1;-;1;-;-;1;-;1;-;1;-;-;5
"35003 VOTUPORANGA";-;-;-;-;-;-;-;-;-;-;1;-;-;-;1;1;-;-;1;2;-;-;-;6
"35004 SAO JOSE DO RIO PRETO";-;-;-;-;2;-;-;1;1;1;2;11;-;2;7;1;1;-;1;1;2;-;2;35
"35005 CATANDUVA";-;-;2;-;-;1;-;1;1;1;-;2;-;1;1;2;-;-;1;-;2;-;-;15
"35006 AURIFLAMA";-;-;-;-;1;-;1;-;-;-;-;-;-;-;-;1;-;-;-;-;-;1;3;7
"35007 NHANDEARA";-;-;-;-;-;-;-;1;-;-;-;-;-;-;-;-;-;2;-;-;-;1;1;5
"35008 NOVO HORIZONTE";-;-;-;-;-;-;-;-;-;-;-;5;3;-;2;1;1;-;-;-;1;-;1;14
"35009 BARRETOS";-;-;-;-;-;-;-;-;-;-;-;-;-;-;-;-;-;1;-;-;-;-;-;1
"35010 SAO JOAQUIM DA BARRA";1;-;-;-;-;-;3;1;3;-;-;7;2;-;1;-;-;1;-;-;-;-;-;19
"35011 ITUVERAVA";-;-;-;-;-;-;-;2;-;1;-;-;-;-;-;-;-;-;-;-;-;-;-;3
"35012 FRANCA";-;-;-;-;-;-;-;1;-;-;2;-;-;-;-;-;-;-;1;-;-;-;2;6
"35013 JABOTICABAL";-;-;-;-;1;-;-;1;-;-;-;2;3;1;1;2;1;1;-;1;1;3;-;18
"35014 RIBEIRAO PRETO";-;-;-;1;-;1;3;3;1;3;3;1;10;6;3;-;1;1;3;5;1;4;-;50
"35015 BATATAIS";-;-;-;-;-;-;-;-;-;1;1;-;-;-;-;-;-;1;-;-;-;2;1;6
"35016 ANDRADINA";-;-;-;-;1;-;1;-;-;-;-;1;-;-;1;-;-;-;2;-;-;-;-;6
"35017 ARACATUBA";-;2;-;-;-;-;-;-;-;1;-;-;-;-;-;1;1;1;-;2;-;3;-;11
"35018 BIRIGUI";-;8;-;-;-;-;1;-;-;-;-;-;2;-;1;-;-;2;4;-;4;2;2;26
"35019 LINS";-;-;-;-;-;-;-;1;1;-;-;-;2;-;-;2;3;1;-;1;-;-;-;11
"35020 BAURU";-;-;-;-;-;-;-;2;-;-;-;1;3;-;1;-;-;-;-;-;-;1;-;8
"35021 JAU";-;1;-;-;1;-;1;1;1;-;1;7;-;2;-;2;-;-;-;-;-;-;1;18
"35022 AVARE";-;-;-;-;-;-;1;-;-;-;-;-;-;-;1;-;-;-;-;-;-;-;1;3
"35023 BOTUCATU";-;-;-;-;-;-;-;-;-;-;-;1;-;-;-;-;-;-;-;-;-;1;-;2
"35024 ARARAQUARA";-;1;-;-;-;-;1;2;2;1;1;1;3;1;-;1;-;1;2;-;-;3;4;24
"35025 SAO CARLOS";-;-;-;-;-;-;-;-;1;4;-;-;-;-;1;1;1;-;-;1;1;-;-;10
"35026 RIO CLARO";-;-;-;-;-;-;-;-;-;-;1;-;2;-;1;1;1;-;-;-;-;-;-;6
"35027 LIMEIRA";-;-;-;-;-;-;1;2;-;-;-;1;-;-;-;-;-;1;1;-;-;1;-;7
"35028 PIRACICABA";-;-;-;-;-;-;3;1;-;1;2;1;5;2;-;-;1;-;-;1;3;1;2;23
"35029 PIRASSUNUNGA";-;-;-;-;-;-;-;-;-;-;-;-;-;1;-;-;-;-;3;-;1;-;-;5
"35030 SAO JOAO DA BOA VISTA";1;-;-;-;-;3;-;2;-;1;-;1;1;1;-;-;-;-;-;-;1;-;-;11
"35031 MOJI MIRIM";-;-;-;-;-;-;1;-;-;-;1;1;1;-;-;-;-;-;2;1;-;-;1;8
"35032 CAMPINAS";1;-;-;-;-;-;-;3;-;-;-;3;2;-;2;2;2;2;1;1;3;-;4;26
"35033 AMPARO";-;-;-;-;-;-;-;1;-;-;-;-;-;-;1;1;-;-;1;-;-;-;-;4
"35034 DRACENA";-;-;-;-;-;-;-;-;-;-;2;1;-;1;-;-;-;-;1;-;-;1;2;8
"35035 ADAMANTINA";-;-;-;-;-;-;-;-;1;1;-;-;-;1;1;-;-;-;-;1;1;-;-;6
"35036 PRESIDENTE PRUDENTE";-;-;-;-;-;-;2;1;2;-;-;2;2;-;1;-;4;2;3;1;-;1;-;21
"35037 TUPA";-;-;-;-;-;2;-;-;-;-;-;1;1;-;-;-;1;-;1;3;1;-;-;10
"35038 MARILIA";-;-;-;-;-;-;-;1;-;-;1;1;1;-;-;-;2;-;-;-;-;-;1;7
"35039 ASSIS";1;-;-;-;-;-;-;-;-;-;-;5;-;2;-;-;1;-;-;-;1;-;-;10
"35040 OURINHOS";-;1;-;-;1;-;-;-;1;-;1;1;1;1;-;-;-;-;1;2;-;1;-;11
"35041 ITAPEVA";-;-;-;-;-;-;-;1;-;-;6;-;-;-;-;-;-;-;-;-;-;-;2;9
"35042 ITAPETININGA";-;-;1;-;-;-;-;-;1;-;-;-;-;-;-;-;-;2;-;-;-;-;-;4
"35043 TATUI";-;-;-;-;-;-;1;1;-;-;2;-;1;1;-;-;-;-;-;-;-;1;-;7
"35044 CAPAO BONITO";-;-;-;-;1;-;1;-;-;-;-;-;-;-;-;-;1;-;-;-;1;-;4;8
"35045 PIEDADE";-;-;-;-;-;-;-;1;1;-;-;2;-;-;-;1;-;-;-;-;-;-;-;5
"35046 SOROCABA";-;-;-;-;-;-;1;1;4;-;2;2;-;4;1;3;-;-;-;4;-;2;2;26
"35047 JUNDIAI";-;-;-;-;-;-;1;-;-;1;1;-;-;-;-;-;-;-;-;-;-;-;-;3
"35048 BRAGANCA PAULISTA";-;-;-;-;-;-;1;1;1;-;-;1;2;-;2;1;2;-;-;-;-;-;-;11
"35049 CAMPOS DO JORDAO";-;-;-;-;-;-;-;1;-;-;-;-;-;1;-;-;-;-;-;-;-;-;-;2
"35050 SAO JOSE DOS CAMPOS";-;-;-;-;-;-;-;-;-;2;-;-;2;1;-;-;-;-;-;-;-;1;-;6
"35051 GUARATINGUETA";-;-;-;-;-;-;-;-;-;-;-;-;-;-;-;-;-;-;-;1;-;-;-;1
"35052 BANANAL";-;-;-;-;-;-;-;1;-;-;-;-;-;-;-;-;-;-;-;-;-;-;-;1
"35054 CARAGUATATUBA";-;-;-;1;-;-;-;-;-;-;-;4;-;-;-;-;-;1;-;-;-;-;-;6
"35055 REGISTRO";-;-;-;-;-;-;-;-;-;-;-;-;-;-;1;-;-;-;-;-;-;-;1;2
"35056 ITANHAEM";-;-;-;-;-;-;-;-;-;1;-;-;-;1;-;-;-;-;-;-;-;-;-;2
"35057 OSASCO";-;-;-;1;-;-;-;-;1;2;4;4;2;1;-;1;-;-;-;-;1;1;-;18
"35058 FRANCO DA ROCHA";-;-;-;-;-;1;1;3;-;-;-;-;-;-;-;-;-;-;1;-;-;1;-;7
"35059 GUARULHOS";1;-;-;-;-;-;-;1;-;-;1;-;1;-;2;1;1;3;-;1;-;-;-;12
"35060 ITAPECERICA DA SERRA";-;-;-;-;-;1;-;-;-;1;2;-;1;1;2;1;1;-;-;-;-;-;-;10
"35061 SAO PAULO";-;1;1;5;7;11;5;4;2;5;1;4;7;7;2;2;3;1;-;3;3;-;6;80
"35062 MOGI DAS CRUZES";-;2;-;-;-;-;-;-;-;1;-;1;-;-;-;-;-;-;2;-;-;1;-;7
"35063 SANTOS";-;-;-;-;-;-;-;-;-;1;-;2;1;1;-;-;-;1;-;-;-;-;1;7
"Ignorado - SP";-;-;-;4;-;-;-;-;-;1;-;-;-;-;-;-;-;-;1;-;-;-;-;6
"17001 BICO DO PAPAGAIO";-;-;-;1;2;1;4;-;-;1;-;-;-;-;1;-;-;-;-;-;2;-;2;14
"17002 ARAGUAINA";1;3;2;4;9;4;3;2;1;2;6;4;2;2;3;1;3;1;-;-;-;-;1;54
"17003 MIRACEMA DO TOCANTINS";-;1;-;1;1;-;1;2;2;1;-;-;-;-;-;-;-;-;-;-;-;-;3;12
"17004 RIO FORMOSO";1;-;-;-;2;-;-;1;3;-;-;-;-;-;-;-;3;-;-;4;1;-;1;16
"17005 GURUPI";-;1;-;2;-;-;1;1;-;-;1;-;-;-;1;-;-;2;-;1;2;3;-;15
"17006 PORTO NACIONAL";-;-;4;2;1;-;2;1;-;-;2;-;-;1;2;1;4;2;1;1;5;2;2;33
"17007 JALAPAO";-;1;-;-;1;1;-;-;1;2;-;1;-;-;-;-;-;-;-;-;-;-;-;7
"17008 DIANOPOLIS";-;8;-;-;3;-;1;2;1;-;1;2;-;1;-;2;-;1;-;2;2;-;3;29
"Total";176;200;224;248;279;306;264;291;267;305;342;379;371;327;325;320;322;324;312;328;235;257;315;6717